{
  "timestamp": "2025-08-21T15:39:59-0400",
  "python": {
    "version": "3.13.5 (tags/v3.13.5:6cb20a2, Jun 11 2025, 16:15:46) [MSC v.1943 64 bit (AMD64)]"
  },
  "packages": {
    "pandas": "2.3.2",
    "numpy": "2.3.2",
    "networkx": "3.5",
    "pyarrow": "21.0.0"
  },
  "bundle_sha256": "276bab7ada623b0293c2e09450cb84473dc92cfd4b37279a5f466cb01d849c52",
  "manifests": {
    "manifests/taxi_markov.json": {
      "sha256": "078e4b78f1dff28bc91d072ee10fd506b7ce6f29bfc20b00bfe957fa8fcdcb45"
    },
    "manifests/rmsk_chr1_bmo.json": {
      "sha256": "bedbf3928700b0ca9ffbd47f47d4bf67e4f60ccf7555af2ac2108cef0d0adc36"
    },
    "manifests/wiki_vote_trace.json": {
      "sha256": "4235153c5d2e8de2933979abf4fd66c89f9fdd36d2dce6c994b5b778e1bbd99d"
    },
    "manifests/claims.json": {
      "sha256": "9482f7452e8b558a282718c5e74400fbda492cf8180d52bfadff2836b6c6ee99"
    }
  }
}