{
  "timestamp": "2025-08-21T16:13:12-0400",
  "python": {
    "version": "3.13.5 (tags/v3.13.5:6cb20a2, Jun 11 2025, 16:15:46) [MSC v.1943 64 bit (AMD64)]"
  },
  "packages": {},
  "bundle_sha256": "8af567c9439269fd41ae28d5cc35f014a63ffbb55091cf6ba0a2f743865561f3",
  "manifests": {
    "manifests/rmsk_chr1_bmo.json": {
      "sha256": "274915c7260947671c31ad860e2f14a84b24c3b8786c79e438660d0197fe9b22"
    },
    "manifests/taxi_markov.json": {
      "sha256": "341c201038dd6eddc7163d9dd4b7cd51abd819f03e544ecb80f892a73b553077"
    },
    "manifests/wiki_vote_trace.json": {
      "sha256": "1676da09c9d7a3ceb1cde9bedda981cc01a3ded448eedadc2045b2b3766dfeec"
    }
  }
}