{
  "capsule_id": "transition_markov",
  "source": "yellow_2019-06.parquet",
  "inputs": [
    {
      "path": "C:\\Users\\towre\\data\\yellow_2019-06.parquet",
      "sha256": "acc434ffb54b70cbba1319f31f1a38584d9d4e8863fbbeaa4944bb577dfdf5cc"
    }
  ],
  "parameters": {
    "origin_field": "PULocationID",
    "dest_field": "DOLocationID",
    "order": 1,
    "stride": 5,
    "lz_cap": 500000
  },
  "random_state": {},
  "metrics": {
    "n_pairs": 6971560,
    "n_states": 261,
    "entropy_rate_bits_per_step": 5.338321141420794,
    "lz78_bits_per_symbol": 4.918573252079666,
    "gap_bits_per_step": 0.41974788934112794
  },
  "method": {
    "P": "empirical conditional D|P (counts normalized by origin)",
    "pi": "power iteration on P^T starting from uniform",
    "H_rate": "sum_i pi_i * H(P_i*) in base-2 bits",
    "lz78": "subsample stride=5, cap=500000"
  },
  "created_at": "2025-08-21T16:12:37-0400"
}