{
  "capsule_id": "graph_trace",
  "source": "wiki-Vote.txt.gz",
  "inputs": [
    {
      "path": "C:\\Users\\towre\\data\\wiki-Vote.txt.gz",
      "sha256": "7d3e53626e14b8b09fb3b396bece9d481ad606bd64ceab066349ff57d4ada7fc"
    }
  ],
  "parameters": {
    "directed": false,
    "n_max": 400,
    "k_max": 6,
    "seed": 0
  },
  "random_state": {
    "sampled_nodes": [
      7942,
      1868,
      6698,
      2315,
      5697,
      468,
      3389,
      3091,
      8225,
      7038,
      7753,
      2990,
      2985,
      4012,
      4308,
      267,
      3311,
      4183,
      729,
      4666,
      6671,
      3454,
      4760,
      7276,
      5801,
      3642,
      5959,
      7451,
      4543,
      5844,
      964,
      3958,
      6295,
      1953,
      8046,
      7273,
      1177,
      2939,
      3997,
      4103,
      1458,
      2471,
      4127,
      4669,
      5039,
      172,
      3904,
      2988,
      5406,
      8214,
      3510,
      493,
      1310,
      7363,
      3844,
      606,
      3291,
      6160,
      7891,
      2031,
      6030,
      7676,
      7084,
      5435,
      4847,
      54,
      4688,
      3183,
      7729,
      8265,
      1204,
      443,
      6313,
      1132,
      5942,
      1360,
      4530,
      4104,
      4983,
      5568,
      7342,
      515,
      7336,
      3761,
      5956,
      3028,
      2246,
      1081,
      3354,
      3128,
      324,
      848,
      3883,
      3381,
      5987,
      4944,
      3827,
      1197,
      7501,
      3727,
      1114,
      4565,
      3823,
      4354,
      4385,
      2577,
      3073,
      4462,
      7251,
      1866,
      1047,
      4198,
      7131,
      3000,
      6951,
      3148,
      7610,
      7855,
      1487,
      4698,
      5250,
      489,
      2983,
      1700,
      2900,
      5580,
      6695,
      4303,
      6832,
      1788,
      7920,
      2240,
      5878,
      7747,
      3729,
      5649,
      1933,
      7754,
      5960,
      3545,
      1961,
      3513,
      7461,
      383,
      8014,
      233,
      5594,
      4379,
      7679,
      2301,
      4246,
      654,
      6543,
      3168,
      5317,
      5052,
      5892,
      7188,
      1512,
      2362,
      1112,
      6229,
      3098,
      4344,
      4906,
      1227,
      7950,
      3587,
      5466,
      227,
      6332,
      7912,
      311,
      5093,
      2326,
      1698,
      7203,
      4604,
      1195,
      2379,
      7376,
      1307,
      7057,
      4448,
      8096,
      5857,
      270,
      687,
      7535,
      4176,
      4957,
      3663,
      5434,
      5606,
      1963,
      983,
      4338,
      4967,
      2700,
      4611,
      7756,
      4208,
      2209,
      1932,
      3059,
      4654,
      7802,
      794,
      1648,
      4602,
      665,
      3769,
      7373,
      6141,
      3854,
      3022,
      197,
      6258,
      7296,
      1259,
      5591,
      741,
      3777,
      7928,
      4799,
      4247,
      7836,
      473,
      1746,
      4776,
      1847,
      5118,
      843,
      1422,
      2495,
      5824,
      3296,
      2879,
      2651,
      4465,
      4162,
      7442,
      490,
      1526,
      6333,
      2904,
      7866,
      4130,
      3816,
      5507,
      159,
      6844,
      1075,
      7130,
      5548,
      5630,
      7955,
      1498,
      3237,
      3602,
      5809,
      633,
      4469,
      2567,
      5386,
      5933,
      130,
      2931,
      5611,
      2187,
      4125,
      3358,
      2974,
      5152,
      1511,
      1907,
      7856,
      5265,
      5832,
      5936,
      4008,
      5749,
      3755,
      2748,
      6484,
      2168,
      1235,
      6451,
      749,
      4413,
      3255,
      3813,
      2231,
      6766,
      3049,
      1440,
      4665,
      6712,
      5517,
      1540,
      4393,
      4948,
      8023,
      4805,
      7115,
      6092,
      933,
      1899,
      6575,
      2041,
      7742,
      5175,
      2253,
      178,
      4449,
      5947,
      7506,
      1215,
      7381,
      413,
      4138,
      4995,
      6279,
      1784,
      6031,
      5520,
      4116,
      1442,
      2082,
      5916,
      4108,
      2292,
      2415,
      5345,
      6017,
      868,
      115,
      2582,
      1407,
      472,
      5909,
      5200,
      6080,
      3584,
      3617,
      4025,
      4576,
      6660,
      30,
      1861,
      3195,
      4311,
      8122,
      2875,
      11,
      7429,
      7625,
      7468,
      3737,
      1777,
      3840,
      4936,
      2426,
      7853,
      6232,
      4717,
      153,
      2068,
      5578,
      2287,
      611,
      217,
      61,
      6129,
      6653,
      349,
      5540,
      3593,
      4692,
      3830,
      3772,
      1734,
      4636,
      5154,
      6777,
      2910,
      2607,
      5710,
      6528,
      4058,
      7734,
      8084,
      2012,
      4874,
      2328,
      668,
      651,
      2701,
      7284,
      7175
    ]
  },
  "metrics": {
    "n_nodes": 400,
    "n_edges": 466,
    "trace_vs_spectrum_max_abs_diff": 1.210719347000122e-08,
    "k_tested": [
      1,
      2,
      3,
      4,
      5,
      6
    ]
  },
  "method": {
    "A": "undirected adjacency of sampled induced subgraph",
    "test": "Tr(A^k) vs sum(lambda^k)"
  },
  "created_at": "2025-08-21T16:13:11-0400"
}