{
  "claims": [
    {
      "capsule": "interval_bmo_chr",
      "timestamp": "2025-08-21T16:12:15-0400",
      "claim": "Interval coverage on chr1 (win=100000) has BMO*=0.301528; John\u2013Nirenberg ceiling proxy 3.809548e-01.",
      "falsification": "Recompute windowed coverage; rescan blocks {16,32,64}; compare BMO* and ceiling proxy.",
      "hash": "b7335d48cd2fb100176b4c79fcdd15ceb0c414b7860fa470516921a21bc61ad9"
    },
    {
      "capsule": "transition_markov",
      "timestamp": "2025-08-21T16:12:15-0400",
      "claim": "OD entropy-rate on yellow_2019-05.parquet is 5.332730 bits/step; LZ78 proxy 4.882433; gap 0.450297 bits/step.",
      "falsification": "Rebuild P from D|P counts; recompute pi; re-evaluate H_rate and LZ78 on same policy.",
      "hash": "a02bbc28b60779c0d395d876d4117496004344d74690e3a92975aea935ce2b60"
    },
    {
      "capsule": "graph_trace",
      "timestamp": "2025-08-21T16:12:15-0400",
      "claim": "On wiki-Vote.txt.gz, max |Tr(A^k) - sum(lambda^k)| over k=1..6 is 1.211e-08 on an induced subgraph of size 400.",
      "falsification": "Rebuild undirected A on the same node sample; recompute both sides for k=1..K.",
      "hash": "d0f00c7d6607e4dea3be971aa61595d93d9f477f11b79c19e3770a1f88636b5a"
    }
  ],
  "created_at": "2025-08-21T16:12:15-0400"
}