{
  "capsule_id": "transition_markov",
  "source": "yellow_2019-05.parquet",
  "inputs": [
    {
      "path": "C:\\Users\\towre\\data\\yellow_2019-05.parquet",
      "sha256": "6001f518a5871ec7e85b856075cab5b41a76791b2e6adced7e299cf26d125daa"
    }
  ],
  "parameters": {
    "origin_field": "PULocationID",
    "dest_field": "DOLocationID",
    "order": 1,
    "stride": 5,
    "lz_cap": 500000
  },
  "random_state": {},
  "metrics": {
    "n_pairs": 7598445,
    "n_states": 263,
    "entropy_rate_bits_per_step": 5.332729963805509,
    "lz78_bits_per_symbol": 4.882432666654845,
    "gap_bits_per_step": 0.450297297150664
  },
  "method": {
    "P": "empirical conditional D|P (counts normalized by origin)",
    "pi": "power iteration on P^T starting from uniform",
    "H_rate": "sum_i pi_i * H(P_i*) in base-2 bits",
    "lz78": "subsample stride=5, cap=500000"
  },
  "created_at": "2025-08-21T16:11:35-0400"
}