{
  "timestamp": "2025-08-21T15:40:58-0400",
  "python": {
    "version": "3.13.5 (tags/v3.13.5:6cb20a2, Jun 11 2025, 16:15:46) [MSC v.1943 64 bit (AMD64)]"
  },
  "packages": {
    "pandas": "2.3.2",
    "numpy": "2.3.2",
    "networkx": "3.5",
    "pyarrow": "21.0.0"
  },
  "bundle_sha256": "4d0c654395622651f8453b395c42e04b308fc161e7e0e2c5f769a7e2bb61b140",
  "manifests": {
    "manifests/taxi_markov.json": {
      "sha256": "eee7a87e73151095df64bae179cc0adc3df3098df6631e8215ea6fac2d4b798d"
    },
    "manifests/rmsk_chr1_bmo.json": {
      "sha256": "1d227e6cbe02e2222928850feb43dfdaec7c49bbba06223a6e0153f69e3976a6"
    },
    "manifests/wiki_vote_trace.json": {
      "sha256": "9600fd1da797be115d95aba949d9a59a7d1147cf858caae62607b4c867688bde"
    },
    "manifests/claims.json": {
      "sha256": "33cf4298e1bf0ae0d2b806dd6fc9f801d01cb411074f2f4c2dad4987000e1f1f"
    }
  }
}