{
  "claims": [
    {
      "capsule": "interval_bmo_chr",
      "timestamp": "2025-08-21T16:11:12-0400",
      "claim": "Interval coverage on chr1 (win=100000) has BMO*=0.301528; John\u2013Nirenberg ceiling proxy 3.809548e-01.",
      "falsification": "Recompute windowed coverage; rescan blocks {16,32,64}; compare BMO* and ceiling proxy.",
      "hash": "3523762a29a0d790e62c1e0e96fde8b7c1578fde808e153393376558b2ca03a4"
    },
    {
      "capsule": "transition_markov",
      "timestamp": "2025-08-21T16:11:12-0400",
      "claim": "OD entropy-rate on yellow_2019-04.parquet is 5.364781 bits/step; LZ78 proxy 4.889087; gap 0.475694 bits/step.",
      "falsification": "Rebuild P from D|P counts; recompute pi; re-evaluate H_rate and LZ78 on same policy.",
      "hash": "6c753bf95c7ab40f02b66a799debf3e0d6a24f8084a614dba2d0b55f173e56f1"
    },
    {
      "capsule": "graph_trace",
      "timestamp": "2025-08-21T16:11:12-0400",
      "claim": "On wiki-Vote.txt.gz, max |Tr(A^k) - sum(lambda^k)| over k=1..6 is 1.211e-08 on an induced subgraph of size 400.",
      "falsification": "Rebuild undirected A on the same node sample; recompute both sides for k=1..K.",
      "hash": "fc598d0e2feb9e99e8e9092b0f96600a7df8c31e437fe27b9dfe900c0326aa5a"
    }
  ],
  "created_at": "2025-08-21T16:11:12-0400"
}