{
  "timestamp": "2025-08-21T16:11:12-0400",
  "python": {
    "version": "3.13.5 (tags/v3.13.5:6cb20a2, Jun 11 2025, 16:15:46) [MSC v.1943 64 bit (AMD64)]"
  },
  "packages": {},
  "bundle_sha256": "247fd95bd11b09c16b04417a7f285b38fe5399039ed07a0eea2e6dcd57e80564",
  "manifests": {
    "manifests/rmsk_chr1_bmo.json": {
      "sha256": "495611e05453290a5ae91f829d1c70fee4b33e25b0bedf5e60fe2c7767e8a2a2"
    },
    "manifests/taxi_markov.json": {
      "sha256": "e51825ed240be9e97489df97ffdd6a2d6883233bbfc3b83c22703fc510ace24f"
    },
    "manifests/wiki_vote_trace.json": {
      "sha256": "13fff3d93737a11e50702d77e5609cacc7a718a046a1a8470147bbe0f3638f52"
    }
  }
}