{
  "capsule_id": "transition_markov",
  "source": "yellow_2019-04.parquet",
  "inputs": [
    {
      "path": "C:\\Users\\towre\\data\\yellow_2019-04.parquet",
      "sha256": "0903fb6c20ef49f1bc1238ac5e7ea00d963477b14cf62f2440c090ac920d8013"
    }
  ],
  "parameters": {
    "origin_field": "PULocationID",
    "dest_field": "DOLocationID",
    "order": 1,
    "stride": 5,
    "lz_cap": 500000
  },
  "random_state": {},
  "metrics": {
    "n_pairs": 7475949,
    "n_states": 262,
    "entropy_rate_bits_per_step": 5.364780597190196,
    "lz78_bits_per_symbol": 4.889086791681308,
    "gap_bits_per_step": 0.47569380550888773
  },
  "method": {
    "P": "empirical conditional D|P (counts normalized by origin)",
    "pi": "power iteration on P^T starting from uniform",
    "H_rate": "sum_i pi_i * H(P_i*) in base-2 bits",
    "lz78": "subsample stride=5, cap=500000"
  },
  "created_at": "2025-08-21T16:10:31-0400"
}