{
  "generated_utc": "2025-08-22T03:44:33.895929+00:00",
  "claims_path": "C:\\Users\\towre\\harsh-freeze\\claims.ndjson",
  "claims_sha256": "33389f630f81d19d8701459eb468c76019c109b4b99caf8067ff6aad98aee69e",
  "datasets": [
    {
      "dataset": "tlc_yellow_2023-02_200k",
      "data_csv_path": "C:\\Users\\towre\\harsh-freeze\\datasets\\out\\tlc_yellow_2023-02_200k\\data.csv",
      "data_csv_sha256": "14847f53026c48f59235fed020f5dd649b74309f008c9fab30505f19ae7558d6",
      "data_csv_bytes": 20432318,
      "manifest_path": "C:\\Users\\towre\\harsh-freeze\\datasets\\out\\tlc_yellow_2023-02_200k\\manifest.json",
      "manifest_sha256": "2ce57ba69f9d6d1343831f192032f9c17c903662f0f2a501b69c1ea0be9ce9c1",
      "rows": 200000,
      "columns": [
        "tpep_pickup_datetime",
        "tpep_dropoff_datetime",
        "passenger_count",
        "trip_distance",
        "RatecodeID",
        "store_and_fwd_flag",
        "PULocationID",
        "DOLocationID",
        "fare_amount",
        "extra",
        "mta_tax",
        "tip_amount",
        "tolls_amount",
        "improvement_surcharge",
        "congestion_surcharge",
        "total_amount",
        "payment_type",
        "VendorID"
      ]
    },
    {
      "dataset": "tlc_yellow_2023-03_200k",
      "data_csv_path": "C:\\Users\\towre\\harsh-freeze\\datasets\\out\\tlc_yellow_2023-03_200k\\data.csv",
      "data_csv_sha256": "a2a0f6b44217ab64b5b39918d56eb02fb425aa84f1a5f781bdb51f9acec1715c",
      "data_csv_bytes": 20446386,
      "manifest_path": "C:\\Users\\towre\\harsh-freeze\\datasets\\out\\tlc_yellow_2023-03_200k\\manifest.json",
      "manifest_sha256": "583af149d21237ba996978c4bcb8184b6d592555c76a1c3887701868f5455e1f",
      "rows": 200000,
      "columns": [
        "tpep_pickup_datetime",
        "tpep_dropoff_datetime",
        "passenger_count",
        "trip_distance",
        "RatecodeID",
        "store_and_fwd_flag",
        "PULocationID",
        "DOLocationID",
        "fare_amount",
        "extra",
        "mta_tax",
        "tip_amount",
        "tolls_amount",
        "improvement_surcharge",
        "congestion_surcharge",
        "total_amount",
        "payment_type",
        "VendorID"
      ]
    },
    {
      "dataset": "tlc_yellow_2023-04_200k",
      "data_csv_path": "C:\\Users\\towre\\harsh-freeze\\datasets\\out\\tlc_yellow_2023-04_200k\\data.csv",
      "data_csv_sha256": "bdd4d318385be5bb5d51a358e4f1ecaeb4d516f0964b5d32f02a8d12ee6d0021",
      "data_csv_bytes": 20423832,
      "manifest_path": "C:\\Users\\towre\\harsh-freeze\\datasets\\out\\tlc_yellow_2023-04_200k\\manifest.json",
      "manifest_sha256": "51a392a648e691b95d1e5020e25d6bc780efe8f86dc03a66256a6ef87b41c025",
      "rows": 200000,
      "columns": [
        "tpep_pickup_datetime",
        "tpep_dropoff_datetime",
        "passenger_count",
        "trip_distance",
        "RatecodeID",
        "store_and_fwd_flag",
        "PULocationID",
        "DOLocationID",
        "fare_amount",
        "extra",
        "mta_tax",
        "tip_amount",
        "tolls_amount",
        "improvement_surcharge",
        "congestion_surcharge",
        "total_amount",
        "payment_type",
        "VendorID"
      ]
    },
    {
      "dataset": "tlc_yellow_2023-05_200k",
      "data_csv_path": "C:\\Users\\towre\\harsh-freeze\\datasets\\out\\tlc_yellow_2023-05_200k\\data.csv",
      "data_csv_sha256": "1a6a512a7d09b0338e7ae7799825031a507357cd5501bb920b9633dac5018cd1",
      "data_csv_bytes": 20466730,
      "manifest_path": "C:\\Users\\towre\\harsh-freeze\\datasets\\out\\tlc_yellow_2023-05_200k\\manifest.json",
      "manifest_sha256": "ade5b51429359dc0078a777f00b935d5950fae3f9dda26d122bf11a7ce005b86",
      "rows": 200000,
      "columns": [
        "tpep_pickup_datetime",
        "tpep_dropoff_datetime",
        "passenger_count",
        "trip_distance",
        "RatecodeID",
        "store_and_fwd_flag",
        "PULocationID",
        "DOLocationID",
        "fare_amount",
        "extra",
        "mta_tax",
        "tip_amount",
        "tolls_amount",
        "improvement_surcharge",
        "congestion_surcharge",
        "total_amount",
        "payment_type",
        "VendorID"
      ]
    }
  ]
}